{
  "toxic": {
    "precision": 0.7888544891640867,
    "recall": 0.8608108108108108,
    "f1-score": 0.8232633279483037,
    "support": 1480.0
  },
  "severe_toxic": {
    "precision": 0.4027777777777778,
    "recall": 0.5878378378378378,
    "f1-score": 0.47802197802197804,
    "support": 148.0
  },
  "obscene": {
    "precision": 0.849435382685069,
    "recall": 0.8098086124401914,
    "f1-score": 0.8291488058787507,
    "support": 836.0
  },
  "threat": {
    "precision": 0.5384615384615384,
    "recall": 0.1891891891891892,
    "f1-score": 0.28,
    "support": 37.0
  },
  "insult": {
    "precision": 0.7363420427553444,
    "recall": 0.7838179519595448,
    "f1-score": 0.7593386405388854,
    "support": 791.0
  },
  "identity_hate": {
    "precision": 0.8461538461538461,
    "recall": 0.07482993197278912,
    "f1-score": 0.1375,
    "support": 147.0
  },
  "micro avg": {
    "precision": 0.7654462242562929,
    "recall": 0.7781331782494911,
    "f1-score": 0.7717375630857967,
    "support": 3439.0
  },
  "macro avg": {
    "precision": 0.693670846166277,
    "recall": 0.5510490557017271,
    "f1-score": 0.5512121253979864,
    "support": 3439.0
  },
  "weighted avg": {
    "precision": 0.7746432053288301,
    "recall": 0.7781331782494911,
    "f1-score": 0.7599752092153638,
    "support": 3439.0
  },
  "samples avg": {
    "precision": 0.07159418473492919,
    "recall": 0.07257175084597067,
    "f1-score": 0.06936059338302726,
    "support": 3439.0
  }
}