{
  "train_loss": [
    0.08729785824580268,
    0.041578300357904205,
    0.03553026809122525
  ],
  "val_loss": [
    0.04785239947915454,
    0.04174256582024931,
    0.04304180970813944
  ],
  "val_metrics": [
    {
      "hamming_loss": 0.01655490798186794,
      "f1_macro": 0.39863705673307703,
      "f1_micro": 0.7576081969720141,
      "f1_weighted": 0.7219836436118482,
      "precision_macro": 0.4086765773061087,
      "recall_macro": 0.39220277636051143,
      "roc_auc": 0.9810058440706731
    },
    {
      "hamming_loss": 0.016607131666353324,
      "f1_macro": 0.5533302366092608,
      "f1_micro": 0.7792892837312604,
      "f1_weighted": 0.7660502497188592,
      "precision_macro": 0.6996933202162232,
      "recall_macro": 0.5573642268974897,
      "roc_auc": 0.9885264809739333
    },
    {
      "hamming_loss": 0.01713981324810428,
      "f1_macro": 0.6491625058385015,
      "f1_micro": 0.786021645586126,
      "f1_weighted": 0.7829035511392529,
      "precision_macro": 0.6293949436360909,
      "recall_macro": 0.6793165484788409,
      "roc_auc": 0.9893020166175114
    }
  ]
}